show_time,player_id,enemy_id,gap_angle,shooting_distance,dribbling_distance,defender_intercept_distance,intercept_distance,passing_angle,action,result
13,player_l11_,player_r11_,0.13991102301240887,51.12649382466607,2.647595985040014,3.71706045686642,3.7167515873277313,0.004707701427026466,d,sucess
16,player_l11_,player_r11_,0.1469834511560632,49.39447462054815,5.025337401607976,4.986725299231952,1.9571351046915484,0.0024789343362143397,p,fail
76,player_l9_,player_r5_,0.11849621790512153,57.070457839164014,4.543199472838497,5.298633363424948,5.5153133250644135,0.006985821645673017,p,sucess
86,player_l11_,player_r6_,0.15722339645667696,47.7369188534252,2.2480866753753066,7.056545647836483,6.728002046983014,0.008521874671560438,d,sucess
92,player_l11_,player_r6_,0.16547764493977848,44.317629150150616,2.6349865274797906,3.009591475599305,2.639539283456725,0.0033432796917847365,d,sucess
96,player_l11_,player_r6_,0.17163935996509455,41.56055662845151,2.8402671793336647,4.826263608631423,1.1100559966944143,0.001406011269770518,d,sucess
101,player_l11_,player_r8_,0.18109185524338728,37.93259460113536,2.5297832397262825,7.511178875516149,3.5919006278909755,0.004549561946388494,d,sucess
107,player_l11_,player_r8_,0.21188130170957756,36.067421447308185,2.0653073814810265,5.359853883269581,2.398482572595691,0.003037952692120992,d,sucess
114,player_l11_,player_r8_,0.23335929102245137,32.63469356553576,5.334080974263515,6.889636679099996,0.47102642421992674,0.000596607994434799,p,sucess
123,player_l9_,player_r5_,0.16122945171046804,35.749732284382276,2.1911471698633074,4.906718676468011,4.134634279524518,0.005237003420005123,d,sucess
126,player_l9_,player_r5_,0.18817092293184798,33.555788202324955,2.2275682728033237,3.7164040253987447,3.41251466326639,0.0043223472043804785,d,sucess
131,player_l9_,player_r5_,0.17284038235265167,31.932296568346768,2.2446204935356002,2.1846200584998754,1.2435555520496377,0.0015751036640211458,d,fail
465,player_l11_,player_r6_,0.1355652774304458,49.08447762649433,2.5419262872868678,3.9885190547369844,3.3249896671541785,0.004211485940558603,d,sucess
469,player_l11_,player_r6_,0.14149430168026486,47.47255136600385,6.072080737276143,9.100277979270743,2.754409386959396,0.0034887764503634885,p,sucess
477,player_l10_,player_r4_,0.13548108113206547,48.16692814948679,2.516569589739176,7.276529839147228,1.6896133216443687,0.0021400869951819046,d,sucess
482,player_l10_,player_r4_,0.14375631668034347,45.13781050431523,2.3794053584877033,5.630719074860689,4.539401291901453,0.005749694120739857,d,sucess
488,player_l10_,player_r4_,0.13933425831940055,44.019369471859925,2.634983174519339,4.0024877176576075,2.6325269134235394,0.0033343976867043308,d,fail
566,player_l5_,player_r4_,0.17733117621304664,46.85398776023704,4.212724771451374,11.211184854867037,10.578117866895303,0.013398777272183481,p,sucess
571,player_l8_,player_r7_,0.21718090180626162,39.85467967460976,1.64625719740264,6.666222333525939,0.8804094457347491,0.0011151378444930373,d,sucess
575,player_l8_,player_r7_,0.20967388094287412,38.52949115685027,1.8330413197743238,3.943509757817268,4.097130367412248,0.00518949985041328,d,sucess
580,player_l8_,player_r7_,0.2318627598549109,36.13211164697285,1.9027217978464421,4.472944427331955,3.1822721911640968,0.004030716665516581,d,sucess
584,player_l8_,player_r7_,0.2518032834063204,34.89739333873678,2.3219803638273926,3.7786807353890084,2.6374591147071023,0.003340644909320671,d,sucess
588,player_l8_,player_r7_,0.28238465118134226,33.19315340074214,2.434958309704709,4.576502529224692,2.62790705471093,0.0033285460834156125,d,sucess
591,player_l8_,player_r7_,0.31279001996606615,31.83781143142773,4.408116479858488,4.648834762604498,3.5608200898545217,0.004510194544345985,p,sucess
595,player_l11_,player_r2_,0.36532423515004364,25.731169748378033,0.7525190761701667,1.9660065615353353,1.2117245312689837,0.001534786046313774,d,fail
708,player_l10_,player_r4_,0.13529418886120587,56.324582766343866,1.7492017150689054,4.56456610205176,4.3471479223826135,0.005506179741714567,d,sucess
712,player_l10_,player_r4_,0.14070249443764463,54.67096395087122,2.4527281321010688,4.509380535062437,2.9586201197862625,0.0037474340119125786,d,sucess
715,player_l10_,player_r4_,0.1465121983064046,52.81755787216843,5.261393987338336,7.10626039278044,1.9538587674666725,0.0024747844737857834,p,sucess
720,player_l11_,player_r2_,0.1745653021763074,44.849398890041066,2.466973356159324,6.179330954885002,5.616425469454955,0.007113894734875126,d,sucess
723,player_l11_,player_r2_,0.17316412089423816,43.903038809501524,2.78482083624782,4.204378937488866,4.203738658571399,0.00532453311112135,d,sucess
728,player_l11_,player_r2_,0.16956810196656966,41.91425128332818,1.6277332858917655,0.4292365897730529,0.41674895751017216,0.0005278594654879956,d,fail
782,player_l8_,player_r11_,0.17103118278121493,40.90950209665095,2.896185403250283,9.265000243928762,9.085625949407088,0.011508221463622514,p,sucess
791,player_l5_,player_r11_,0.12963458478499837,53.13296669812786,2.850475288438755,9.258297345084571,8.462864850360436,0.010719375730332178,p,sucess
798,player_l8_,player_r9_,0.1630728242505561,42.51904558196708,1.5784521658891044,6.239759323082902,4.646847662933759,0.005885789341138485,d,sucess
802,player_l8_,player_r9_,0.17108336808790806,41.77425503661133,1.5390404348164481,2.7667401251292123,3.288283395269194,0.004164992909803023,d,fail
817,player_l10_,player_r9_,0.161464016088214,45.491744420215504,2.325086606989081,5.113645397365759,4.076687859785972,0.005163606767698318,d,sucess
825,player_l10_,player_r9_,0.13560098529589834,45.96132539133536,2.1565966196764763,4.063757879106481,2.9094670628856685,0.0036851757054577592,d,sucess
833,player_l10_,player_r9_,0.12531578751935513,45.08160621458045,2.2792433174191817,3.1414678050236344,2.1545446643729242,0.00272897660145516,d,sucess
838,player_l10_,player_r4_,0.16600840967637162,42.42560319983153,1.8846414539641245,3.000529754893295,2.1874742180869067,0.0027706857436653855,d,sucess
842,player_l10_,player_r4_,0.1622407858435061,41.420268190510065,0.599883497022551,2.428818834330795,2.32677025943846,0.0029471205727785274,d,fail
845,player_l8_,player_r9_,0.1612632943542396,40.34331055975013,3.8934636058399192,5.832948527117311,0.06599760676189476,8.359339411357093e-05,p,sucess
848,player_l10_,player_r9_,0.20551801294578098,35.29585091166546,1.399745780490158,5.199791469857232,0.6197715651539406,0.0007850104952138283,p,sucess
853,player_l8_,player_r9_,0.17466872823768542,39.65027868750534,1.614754114408755,3.384274530826364,2.4433553410976354,0.0030947893690483636,d,sucess
856,player_l8_,player_r9_,0.17513501709861992,38.43003866256645,5.282198930369812,3.5802896656555574,1.7146786920154875,0.0021718351805199592,p,fail
972,player_l11_,player_r2_,0.17846195833530776,53.97737706150701,1.7909951647059241,4.251449043561501,3.1690734370830502,0.004013998823306782,d,sucess
976,player_l11_,player_r7_,0.18517137400747283,52.51512507270947,2.4397510631209895,4.284147402926281,4.143786548678074,0.005248595957884414,d,sucess
980,player_l11_,player_r6_,0.1958179416749234,50.530495405468265,2.5493212135782337,4.306068235641419,3.9150115562128995,0.004958822916638139,d,sucess
984,player_l11_,player_r6_,0.2071704762958809,48.5728878105047,2.075987776938968,4.182262695001355,3.1452290211927503,0.003983796946486052,d,sucess
990,player_l11_,player_r6_,0.22316714048830308,45.37731538459725,3.650696554083891,7.683994992840638,1.0465946646739286,0.0013256302780619152,p,sucess
1001,player_l9_,player_r5_,0.16243643920628495,42.505099915481836,1.02217382572633,9.780829809377117,6.731552916475192,0.00852637241066581,d,sucess
1006,player_l9_,player_r5_,0.1405695681968312,44.946711904808446,4.8150016926269075,5.605944139928616,5.411890673164367,0.006854822084567813,p,sucess
1014,player_l11_,player_r7_,0.23605925597583166,33.63711487242885,2.1109256737270523,6.428161784678416,5.376673709252414,0.0068102147964857855,d,sucess
1020,player_l11_,player_r7_,0.27637424133289124,30.310906813528952,1.5835962143172737,4.870179242081344,2.9046523643168642,0.003679077306702147,d,sucess
1026,player_l11_,player_r7_,0.2562352226886393,30.754526967804942,1.7188780817731109,6.6709696633997675,5.8429544609812805,0.007400826745461335,d,sucess
1030,player_l11_,player_r3_,0.24594628181603267,30.504078106046727,1.8006196711132547,4.510776430948444,4.121702672912167,0.00522062386144957,d,sucess
1032,player_l11_,player_r3_,0.26380778555883416,29.911978164484232,1.5960069204110607,3.9642129874667424,3.2755413748688076,0.004148853567982589,d,sucess
1034,player_l11_,player_r3_,0.26372017846624074,29.910439569674953,4.506252813591356,4.555459613474804,2.66742404182473,0.0033785990749129716,p,sucess
1046,player_l9_,player_r5_,0.1777900838625421,27.90673164487433,1.9969175095631797,3.838535221930367,4.251082359716392,0.005384500094677571,d,fail
1247,player_l7_,player_r5_,0.18427186575284543,58.11514896429461,5.118771715949052,1.625625258169914,0.06768897358393365,8.573570048836888e-05,p,fail
1360,player_l11_,player_r11_,0.13666927279833888,52.42948523005859,1.6187558988309512,6.287116534628574,1.9968829461784,0.0025292796071347875,d,fail
1368,player_l6_,player_r6_,0.14621068799011386,48.539765639420565,4.47631715252617,9.43578663016497,9.371057951953564,0.01186977790924553,p,sucess
1372,player_l7_,player_r8_,0.15611572596570808,45.963073249260326,2.035610318798762,3.599901438928572,4.363083153603507,0.005526363811939638,d,sucess
1376,player_l7_,player_r8_,0.16329417930026152,45.4172569752477,6.308461492313318,1.701773524885142,1.6690221531555771,0.0021140059046836804,p,sucess
1384,player_l9_,player_r8_,0.14821470190737832,46.2054721152505,1.458196379093023,7.452982577465212,5.977889154227342,0.007571741504865312,d,sucess
1389,player_l9_,player_r8_,0.15614410907755086,45.55522648255476,2.070692299691095,5.4198047760043915,5.22244422447682,0.006614861401021979,d,sucess
1393,player_l9_,player_r8_,0.16049341065182596,43.608041492357124,1.987478636363171,3.3295896443856257,3.5414306343525874,0.004485635369113114,p,sucess
1401,player_l7_,player_r8_,0.18458563888676177,45.78671561494986,3.753453236687517,4.3691768103385344,3.9255598408087446,0.004972183670524806,p,sucess
1407,player_l9_,player_r8_,0.15997261253906625,43.60600528839443,2.1391671697181596,6.706899808406266,3.5052490008348527,0.004439806803291519,d,sucess
1415,player_l9_,player_r8_,0.13850559530483106,44.523440650669926,2.371602911534728,7.579649124464798,4.947985560546978,0.006267221412219881,d,sucess
1421,player_l9_,player_r8_,0.11942963666276633,45.02530333157639,2.058528185379056,6.46724924059681,5.84705363384278,0.0074060189513608385,d,sucess
1427,player_l9_,player_r5_,0.11039678263497972,39.27000787286588,1.283429351386354,4.157781173895517,3.052380270694554,0.0038661926520952967,d,sucess
1432,player_l9_,player_r5_,0.15764673635637028,43.55363725613728,1.7558712395844993,4.876738275733072,3.7077213255913724,0.004696263458150139,d,sucess
1435,player_l9_,player_r8_,0.16997199259203633,43.091694404653396,1.9432754436775024,3.56104225894611,3.056553296578455,0.003871478298420436,d,sucess
1439,player_l9_,player_r8_,0.18417422419596108,41.78233223437221,1.5969720473445979,2.9184825115117605,2.6002477493436515,0.00329351226932339,d,sucess
1443,player_l9_,player_r8_,0.1952005822298576,41.60776555828647,1.4465229517708997,2.7991137400970327,2.0132231482962184,0.0025499763782137687,d,sucess
1447,player_l9_,player_r8_,0.20800257235175604,41.127200668319006,1.6345245791972673,3.8084811473867135,3.0174593900496123,0.003821961101182881,d,sucess
1453,player_l9_,player_r8_,0.18819124095973627,42.89515309000941,2.398502042942639,5.154604858764638,3.4232962867766594,0.004336003471512544,d,sucess
1458,player_l9_,player_r8_,0.16669212758436236,43.998336152317115,1.8740313764715895,6.896396870830448,5.480918415492709,0.006942255566676166,d,sucess
1462,player_l9_,player_r8_,0.15374653138828195,44.35007263487644,1.558581797660937,3.546276245584936,0.9618007667708006,0.0012182291797123701,d,fail
1466,player_l7_,player_r8_,0.18692516027983652,40.957529030069836,2.594369559257122,8.63459872200208,3.0937214982965813,0.003918556364618539,p,sucess
1469,player_l9_,player_r8_,0.21517022916179124,36.50556772160758,3.014240352062192,9.01823387643057,5.0012901425822465,0.006334739002704654,p,sucess
1473,player_l7_,player_r8_,0.18308158246841905,40.998722800053656,2.0697327218749746,6.304254399213283,0.8540294347836318,0.0010817245725847399,d,sucess
1478,player_l9_,player_r8_,0.21267603143504143,37.10389970500193,1.2466629456272478,3.136945216289248,0.7276664719838494,0.000921671583280573,d,fail
1530,player_l4_,player_r8_,0.170740616636068,50.56121933615331,3.0124076749337934,10.089763131511068,3.8960707149242872,0.00493483191666612,p,sucess
1536,player_l7_,player_r8_,0.20647483278868756,43.68290135226019,1.6149737366285561,4.051739799148016,3.858608656391581,0.004887381432638689,d,sucess
1539,player_l7_,player_r8_,0.2013091237586052,43.73566671453717,2.7472673295476735,4.372189677953141,3.9784537413890866,0.005039180585808027,d,sucess
1543,player_l7_,player_r8_,0.18504415878828895,43.83825641879932,1.8136644590441735,3.4852738959800535,3.20960446733781,0.00406533635195422,d,sucess
1546,player_l7_,player_r8_,0.17727265962566197,43.485310852993344,4.945237022630966,3.590279000300672,1.7096038537377947,0.0021654073117823576,p,sucess
1550,player_l9_,player_r5_,0.2639063531563317,34.401673876545935,1.268083104532192,2.485635389593573,1.604994818390184,0.0020329079074648624,d,sucess
1555,player_l9_,player_r8_,0.2573946103770137,35.8739352487747,1.6199602217338536,3.279820351787579,0.7983917234188848,0.0010112531130251174,d,sucess
1559,player_l9_,player_r5_,0.23994565619805566,36.93042055277324,1.5196180112120279,2.696504941586422,1.899389500139161,0.0024057928132210143,d,fail
1572,player_l7_,player_r8_,0.2034401965579726,41.10504699772321,4.436632886548087,4.617387243885874,4.4578767698730015,0.005646432465297742,p,sucess
1576,player_l9_,player_r5_,0.15868849071655505,39.54297015487724,1.7076829711629722,4.2863014009749705,4.009078160291818,0.005077970354045319,d,sucess
1580,player_l9_,player_r8_,0.23212833848633152,37.64804018004556,1.9218610173475077,2.4066429481749063,2.5181453660174054,0.003189519817529715,d,sucess
1582,player_l9_,player_r8_,0.23938194089584663,37.48607004106979,1.9741988172420715,2.5392465732968876,2.4073283007134605,0.003049156853863012,d,sucess
1586,player_l9_,player_r8_,0.2152108112495201,37.89590680111032,2.3588762769590095,3.2484662781072546,1.969174036540922,0.002494183044981363,d,sucess
1589,player_l9_,player_r8_,0.21472461696559936,37.88755817663356,1.8504531877353727,2.7344747868649315,2.214252807543346,0.0028046039717239367,d,sucess
1593,player_l9_,player_r8_,0.23202528268996914,36.95595077226584,1.2445195378136908,3.041867811066089,0.7139692090977765,0.0009043224515955404,d,sucess
1595,player_l9_,player_r8_,0.23331871235506088,36.90176592357149,1.8227809632536731,2.8794281116221687,0.8792069629281267,0.0011136147637875694,d,sucess
1596,player_l9_,player_r8_,0.23342685329344096,36.897105194606866,2.0745149842794564,2.9144827963122335,0.6856472060383559,0.0008684494342631872,d,fail
1637,player_l4_,player_r8_,0.1682966556531388,50.83844148663956,5.061574503057322,8.881503670550385,6.335637783579439,0.008024884174847766,p,sucess
1641,player_l7_,player_r8_,0.21772510843685636,43.057789101947655,1.7644810370191026,7.6346457763278055,0.6632301007706279,0.0008400556380469572,d,sucess
1646,player_l7_,player_r8_,0.21308138122479126,44.5448566052877,2.069556788300334,5.557537729066714,4.854055714327881,0.006148246401947165,d,sucess
1652,player_l7_,player_r8_,0.1915973773469679,45.350587631874575,1.925660863184374,4.744684236068823,4.53788322080227,0.005747771281129503,d,sucess
1655,player_l7_,player_r8_,0.18685484128131863,44.733645994562806,3.8533785500518904,4.344096657534222,2.7538142212515693,0.003488022601448721,p,sucess
1660,player_l9_,player_r5_,0.17780312361433004,40.44111382882709,1.3504088010672965,5.3410913510255575,0.6148310470750329,0.0007787527713217344,d,sucess
1664,player_l9_,player_r5_,0.18369855414906727,41.43115842669493,1.5353014068905155,5.4110297106927785,0.3770156565207521,0.000477532763230794,d,sucess
1668,player_l9_,player_r8_,0.18734716738001925,42.65168361101248,1.4899014229136094,5.163470663226429,4.7136056583915655,0.005970347338774678,d,sucess
1675,player_l9_,player_r8_,0.19297987838891642,43.06953839531161,1.6101039127956933,2.6829831904057846,2.849761433088303,0.0036095513051021683,d,sucess
1679,player_l9_,player_r8_,0.18007915242240977,42.29985596499019,2.3668800835699293,3.1707901491584063,1.4179768055413795,0.0017960281190961846,d,sucess
1682,player_l9_,player_r8_,0.18761186840928432,41.051296053079156,2.628440221880649,3.6293372135969952,2.2234962310210027,0.002816311853726967,d,sucess
1686,player_l9_,player_r8_,0.17806532864719934,39.70146980531696,1.8232243114877575,2.964249146073926,3.2580178144360405,0.004126657817201418,d,fail
1718,player_l7_,player_r5_,0.1692222916020451,42.80631740217307,2.6979942642637336,12.17370294528333,8.53770204913582,0.010814170956605912,p,sucess
1726,player_l4_,player_r5_,0.17799010858565037,45.39828270241265,2.684265389263887,10.713496730759756,1.8931743865203579,0.0023979206498853075,p,sucess
1732,player_l7_,player_r5_,0.16565380003473026,42.632540261787035,4.267057455671296,1.7686838553003166,3.4696284851335837,0.004394688972499869,p,fail
1749,player_l6_,player_r11_,0.24777446829118532,35.84210625128546,5.028035212684969,6.4416196232003635,0.6452807994212585,0.0008173208206973736,p,sucess
1755,player_l7_,player_r5_,0.18126489240558358,41.628947433528374,5.2368135091866685,5.563262848365157,4.517330057848014,0.005721737959833154,p,sucess
1760,player_l9_,player_r5_,0.1354761882776699,39.720629253966734,1.8108992904079466,3.8010375478282246,4.026268911513006,0.005099744656448827,d,sucess
1765,player_l9_,player_r5_,0.15527828125321627,37.497876399242784,2.140604648224426,2.1776525526355233,1.9764084337148706,0.002503346251513839,d,fail
1768,player_l9_,player_r8_,0.20723813852630935,34.239881250665476,2.6569919721369133,8.041804554949097,7.381894131062968,0.009350135654772669,p,sucess
1772,player_l7_,player_r8_,0.24438714471460604,34.22372670183889,3.201895977385896,7.55114639773326,7.169829912170338,0.009081521055641265,p,sucess
1778,player_l9_,player_r5_,0.1943208532996077,32.94074820084995,3.4085128736737946,7.54591220794411,5.434993069619151,0.006884084559247423,p,sucess
1785,player_l7_,player_r8_,0.22677242148629312,35.07322432581705,3.5707310876065677,3.1960034934273747,2.909824771196774,0.003685628786354614,p,sucess
1788,player_l9_,player_r8_,0.19045584236831714,34.155893316891024,1.4808062027152669,2.9895346527511633,1.6936713618816495,0.002145226971490479,d,fail
1823,player_l7_,player_r8_,0.1653747009182905,41.08741652989206,3.944919752035523,11.66299129468937,11.05993842409825,0.0140091145337156,p,sucess
1833,player_l4_,player_r10_,0.17526838662233524,49.41903783314065,2.437574222459699,10.20395788407616,9.598337135861966,0.01215767334234206,d,sucess
1839,player_l4_,player_r8_,0.1751649164725087,46.571102659759696,2.2243910312712543,5.624071772301628,5.5735872652193725,0.007059633967154789,d,sucess
1845,player_l4_,player_r8_,0.1732159577452177,44.75838299005118,1.4142352633137107,3.441721952743999,3.193313239072502,0.004044701508862326,d,sucess
1850,player_l4_,player_r8_,0.18442499428739004,43.590744147787184,1.6527206176483682,3.081136298510665,1.7293495158708625,0.0021904174736730796,p,sucess
1853,player_l7_,player_r8_,0.18704542660168913,41.76385260198488,5.026378075712172,4.685272083881576,2.618088986100684,0.003316110326308068,p,sucess
1856,player_l9_,player_r5_,0.2184816886768031,36.2675602241918,1.6863289418141423,2.317029218633205,2.1184789372612185,0.0026832951332277075,d,sucess
1860,player_l9_,player_r5_,0.22625661008072664,34.67535427301503,2.588732172319108,3.0380379671755278,1.0375124467645136,0.001314126617265676,d,sucess
1864,player_l9_,player_r5_,0.24725375512660522,31.776314325899513,2.449607717574389,3.060972985833098,1.6948257046875659,0.002146689079889964,d,sucess
1870,player_l9_,player_r5_,0.2710054429265393,28.424071749636663,6.935450054610737,5.394016385774153,1.3257291769463715,0.001679185942717059,s,fail
1984,player_l5_,player_r9_,0.1666936699175525,57.03031100284565,5.7107826871629435,6.7118049554497645,3.056668684691932,0.003871624451543216,p,sucess
1991,player_l11_,player_r6_,0.23241311661319336,43.535292196727134,3.297865074559598,6.546627589835851,2.3090776733429506,0.002924710825404498,p,sucess
1999,player_l10_,player_r9_,0.1612430670726662,48.44579723780727,2.2494845120604845,8.141177829405276,2.6565998911593485,0.0033648889923929334,d,sucess
2007,player_l10_,player_r9_,0.1539393969501531,46.76586868829801,2.1998475629006653,7.606322165803918,5.448408916223056,0.006901077641968894,d,sucess
2011,player_l10_,player_r9_,0.14915989680368616,45.612757123930955,2.3030761971762916,5.996017339868191,4.4048511932196766,0.005579268548851705,d,sucess
2013,player_l10_,player_r9_,0.14679377765536636,45.03204672256094,2.0724105433045845,4.947321056895339,3.6884416726778,0.0046718433407870715,d,sucess
2015,player_l10_,player_r4_,0.15307732631979343,44.30628449935081,1.7923456195722958,3.0970220954975445,2.0579335256110856,0.0026066072894552752,d,sucess
2018,player_l10_,player_r4_,0.16687816699274943,43.15900478110691,1.458585959071317,4.218867530511,2.7794597635655474,0.0035205057654835183,d,sucess
2026,player_l10_,player_r4_,0.17825802036352179,44.626796136824495,5.264422408014006,8.820543593225986,2.1187062747695182,0.0026835830827952856,p,sucess
2034,player_l8_,player_r11_,0.20285120188812808,46.61744823045452,5.211203420516226,7.916101488106377,4.059294096092,0.0051415753166383135,p,sucess
2040,player_l11_,player_r6_,0.27527348376596195,35.77755154812227,1.2440246701733875,3.639734123531552,2.846694794352185,0.00360566703685453,d,sucess
2045,player_l11_,player_r6_,0.29175819116304846,34.685351247369226,2.441196087986379,3.808275968203984,3.4162978840749867,0.004327139123977875,d,sucess
2048,player_l11_,player_r6_,0.3130658283662557,33.458396668263745,2.848501579778393,4.682081029841324,3.394538460137113,0.004299578109131685,d,sucess
2052,player_l11_,player_r6_,0.3124313509778982,31.858341126933716,2.1989794928557203,5.206819559001444,4.63422504350598,0.005869801097342917,d,sucess
2057,player_l11_,player_r7_,0.3422109123531296,29.340972557810304,1.674916463588558,4.59174649234907,4.162036120568173,0.005271711413642023,d,sucess
2061,player_l11_,player_r2_,0.3321521072616385,28.646083630038852,1.7211537583841836,4.885813865672741,3.241154224719848,0.004105298002658478,d,sucess
2065,player_l11_,player_r2_,0.3295626797758848,28.357243927269938,1.8057118845485844,5.0847071046423125,2.220052770086119,0.002811950305776537,d,sucess
2070,player_l11_,player_r2_,0.31216622671409655,28.12459735721903,1.9315379908249297,3.4949959685241416,1.4012229772618008,0.0017748074768697117,d,sucess
2072,player_l11_,player_r2_,0.32309473631508084,27.003270941901082,5.1663403914182835,6.569851786760491,1.7510290625344798,0.0022178771252811366,p,sucess
2077,player_l7_,player_r8_,0.2583236357216861,33.05367739173559,5.447138790227399,6.147916018456986,5.030102113471689,0.006371233341786436,p,sucess
2092,player_l9_,player_r5_,0.14927260489256972,33.15685530862602,2.79602476741534,3.843757016253758,2.8170173289875393,0.0035680769462983347,d,sucess
2102,player_l9_,player_r5_,0.12647116698030683,28.33158503357561,3.078865266620152,5.078190648252586,3.477803318168239,0.004405043418471626,d,sucess
2110,player_l9_,player_r5_,0.07973375436264755,19.72159746699794,2.7920339288769385,4.25753456004763,2.550847819646779,0.003230941367676,d,sucess
2114,player_l9_,player_r5_,0.08010179252327458,19.80954985416492,1.2568295986330034,2.771475293052419,1.560263222825788,0.0019762501953177036,d,fail
2176,player_l7_,player_r5_,0.012885536316146425,31.949374395850576,3.4285488621281157,8.743548630275926,6.594069929188969,0.008352228538159367,p,sucess
2182,player_l9_,player_r7_,0.06299278745535833,24.27332813552646,1.251017282054885,3.3152132510594243,4.429207735853495,0.005610119333151136,d,fail
2596,player_l9_,player_r6_,0.18924552022309812,57.73703938302794,4.561742339282219,6.1985804713660055,1.3635992578076939,0.001727152730271778,p,sucess
2607,player_l11_,player_r3_,0.23511122200806042,43.833072020511565,3.8776840433433977,4.118637843996484,2.4682810012497454,0.0031263606746272706,p,fail
2938,player_l10_,player_r4_,0.10562820809422754,59.67647283396321,1.400497547302383,3.841411120929388,1.908413203962945,0.002417222382558104,d,fail
3038,player_l7_,player_r8_,0.14342693322373606,53.2795775237706,0.8286513440524915,4.008332218017863,3.430588748339574,0.004345240281534685,d,sucess
3043,player_l7_,player_r8_,0.1442475304740225,52.659995574096214,4.57362131466959,5.301668711830267,0.6639288780804187,0.0008409407184382855,p,sucess
3064,player_l11_,player_r3_,0.14277998934431185,49.72449782474695,1.1594201654275296,6.973963241944999,5.443428941552588,0.006894769793709946,d,sucess
3068,player_l11_,player_r3_,0.14548755179011957,49.29695328023664,5.256560869047365,6.136731693662352,3.3845332579246277,0.004286905278103345,p,sucess
3073,player_l7_,player_r8_,0.14333647209817527,53.34502570338358,3.9267730020972698,4.523741214967982,2.4258769249118957,0.003072650883280705,p,sucess
3183,player_l10_,player_r7_,0.1271223000101385,57.82933238510156,2.190601946954307,8.304475189920193,8.12125500049912,0.010286664552626706,d,sucess
3187,player_l10_,player_r7_,0.1291767136694738,56.221911743564945,2.4933457241225105,8.774278530454799,6.698478776491998,0.008484478776041094,d,sucess
3193,player_l10_,player_r7_,0.10989147221158416,54.78175877869574,2.6852397732791013,7.755720872362545,7.695815597987278,0.009747770641485739,d,sucess
3200,player_l10_,player_r7_,0.11784503710591687,54.21122518617059,2.346510144874723,5.731249585387117,5.444023670273009,0.006895523102451463,d,sucess
3205,player_l10_,player_r7_,0.11945901392317212,51.67522371344609,2.741837480595814,3.5456531274223644,3.481054720829837,0.004409161725735138,d,sucess
3209,player_l10_,player_r7_,0.11954055026368147,49.29136111050374,2.1016837297747712,3.180009012565842,2.481274223832512,0.0031428181336819253,d,sucess
3213,player_l10_,player_r7_,0.12137942553414766,48.50089384720326,2.3980177084417025,3.8902120379228693,2.670557001679898,0.0033825673437181372,d,sucess
3218,player_l10_,player_r7_,0.11504355533605454,42.56319105229219,2.138886170416741,4.320032376036088,2.528537459006856,0.0032026826396915086,d,sucess
3222,player_l10_,player_r7_,0.11694951594702882,41.983017865861235,1.9516973663967494,4.4097090028708275,2.8228619076774177,0.0035754798099739975,d,sucess
3226,player_l10_,player_r7_,0.11171331084390573,41.36650020598611,1.4595555830457443,3.3480314768532313,3.0527647878271242,0.003866679689944187,d,sucess
3230,player_l10_,player_r7_,0.14190122932508695,44.71367385728877,2.1807578590939443,2.683660861584416,1.852847690481364,0.002346842208656997,d,sucess
3232,player_l10_,player_r7_,0.16186077332081922,43.45599322966256,2.2768093903530877,2.8930360402179573,2.2748775649107675,0.0028813923578553616,d,sucess
3234,player_l10_,player_r7_,0.17642797853054107,42.33657546729804,2.270788032820325,3.273710384258205,2.8028485428366747,0.0035501304709147086,d,sucess
3238,player_l10_,player_r7_,0.18729202719408833,39.94748314894906,1.8012016794351469,4.0024582546230265,2.232406137049754,0.0028275972970556494,d,sucess
3240,player_l10_,player_r7_,0.18756676029594957,39.6672951738286,2.577358316183451,4.290676153008984,2.7929825025571624,0.00353763394245053,d,sucess
3246,player_l10_,player_r4_,0.16713583601615747,38.02625970282939,0.953343490039137,2.4245316413691147,0.38811820102837324,0.0004915953865911248,d,fail
3295,player_l8_,player_r7_,0.16756152044496414,37.642814717024095,2.978391520603028,8.45843620594256,5.369597570628713,0.0068012518632469725,p,sucess
3300,player_l10_,player_r7_,0.22939813368842116,32.89525549602887,2.9888532131906382,7.178311100112615,4.803789869553398,0.006084577863444984,p,sucess
3304,player_l8_,player_r7_,0.18199979020754772,36.45404779406096,3.5629853844774613,5.022799890499321,4.7575593057354295,0.006026020579651119,p,sucess
3306,player_l10_,player_r7_,0.23192976988341976,34.28916634409504,2.0558588910720506,3.953619835037255,3.8688647282193775,0.004900372057029339,p,sucess
3310,player_l8_,player_r7_,0.20053482506351694,35.72878213019472,1.534855439446987,2.639544146249498,2.603910659593663,0.0032981517824486346,d,sucess
3314,player_l8_,player_r7_,0.1979905607130044,34.45547461691426,3.2657825769637525,2.4310701450184404,1.871377134261631,0.00237031189913751,p,sucess
3317,player_l10_,player_r7_,0.23378800305855293,34.5702518863843,1.9751769996635742,4.387373716701146,1.146638955629493,0.0014523477503494138,d,sucess
3323,player_l10_,player_r7_,0.2177362308698194,38.18411497106679,1.170900068323508,3.957748311856124,3.2576171522830566,0.004126150329187674,d,sucess
3331,player_l10_,player_r7_,0.20618948452951455,38.507057719659,2.3346185405757383,3.827763704828184,2.9223715720569716,0.0037015208296238777,d,sucess
3336,player_l10_,player_r7_,0.23296436576425014,36.86733703446157,1.6365828362780772,2.6837114338169803,1.2820535286155617,0.0016238657449318837,d,fail
3389,player_l5_,player_r7_,0.16437324245862522,54.966995674670706,5.03736574510924,4.80562367440481,4.289954875709618,0.005433737229837581,p,fail
3787,player_l11_,player_r6_,0.14376960818841028,52.21054083398951,2.45999944918693,4.881531112263856,4.8476732412093835,0.006140162129088041,d,sucess
3793,player_l11_,player_r6_,0.15564562648593164,48.678445583854455,2.2617359704439424,4.096974987719598,3.133116844790631,0.003968455391122159,d,sucess
3798,player_l11_,player_r6_,0.16645285632790663,45.70176432916067,2.6628709356632356,5.131342035959014,2.538944678798392,0.0032158646223039537,d,sucess
3802,player_l11_,player_r6_,0.17895297852940886,42.673395988251755,2.286249026243642,5.511737080993614,0.4678211759792104,0.0005925481862142692,d,sucess
3811,player_l11_,player_r8_,0.16711044961978194,38.29151390541754,2.3196107259624403,6.013455795131448,3.123693494563616,0.0039565195641828475,d,sucess
3817,player_l11_,player_r8_,0.17929064136843412,37.53420151830526,2.8631558200698732,7.367534842130032,2.0762655722896013,0.0026298269686048066,d,sucess
3821,player_l11_,player_r5_,0.21177372528470767,34.6416592373667,3.6197756532691376,5.880120244518813,5.978550835757728,0.007572579622993674,p,sucess
3829,player_l9_,player_r5_,0.1694354503158568,38.93291798558846,5.005217143141744,2.985224656537594,2.869728202446093,0.0036348416307615465,p,sucess
3834,player_l11_,player_r3_,0.2540004381360233,31.235147351271095,4.285732469485235,6.448212355374161,4.191364728561435,0.005308859915117518,p,sucess
3839,player_l9_,player_r5_,0.1685478544581355,37.06002669441865,2.246052201085271,3.2653174807359853,2.6337881369814014,0.00333599517711902,d,fail
3889,player_l9_,player_r8_,0.24112370797895227,32.63347472886504,4.119115499715928,12.236958331628005,10.72557609347124,0.013585566707377811,p,sucess
3892,player_l7_,player_r6_,0.26257404163339193,32.84073084729668,2.3965272646060156,9.753194531024182,7.6835910129951435,0.009732286094778319,d,sucess
3896,player_l7_,player_r8_,0.2515163066905714,31.052748546508944,2.448267438414357,6.4521145758580625,5.7358618297004655,0.007265178232305101,d,sucess
3902,player_l7_,player_r6_,0.2938888046672166,27.566458687144713,1.6080355997303073,2.909975511924456,2.7861007932606734,0.0035289174289920965,d,fail
3905,player_l9_,player_r5_,0.3406719327965361,26.493935693825563,3.486823495676259,10.472323796560149,10.578493159265372,0.013399252664866235,p,sucess
3909,player_l11_,player_r3_,0.4379857401231981,22.44278384859222,1.871996423607695,8.129504494740125,7.7103331284587,0.009766159602413551,d,sucess
3913,player_l11_,player_r3_,0.368425530360401,23.60824336211069,0.5514316820785694,5.018704225195979,4.296399900675173,0.0054419006997492815,d,sucess
3919,player_l11_,player_r3_,0.4064984249379618,22.46564512597819,2.083067020045202,3.135567076303745,1.8267200191093687,0.0023137484835185455,d,sucess
3924,player_l11_,player_r3_,0.4217170958809713,20.87172855532254,2.2190291255411676,3.050291871280516,1.9588601178545968,0.0024811192661769637,d,sucess	
3926,player_l11_,player_r3_,0.43214499061591516,20.310511214049143,2.543514814189215,3.2043434787800154,1.3083331487482333,0.0016571518852077094,d,sucess
3930,player_l11_,player_r3_,0.4203142748421127,19.168624796889684,2.8922489329239975,3.646277149367559,0.7011281132831862,0.0008880577525287962,p,sucess
3939,player_l6_,player_r11_,0.28530723020013893,27.30575601882631,2.775200844984017,3.5797405283064867,1.1625814810753308,0.0014725407740325313,p,sucess
3948,player_l7_,player_r5_,0.24517153291385105,32.05779970314819,1.8130377078262856,5.523922107524689,3.413737797790977,0.0043238964563417194,d,sucess
3952,player_l7_,player_r5_,0.25495812631579123,30.46041130190787,1.6181996044987756,3.816624490305537,3.7453714629211423,0.004743952124143544,d,sucess
3955,player_l7_,player_r5_,0.26321175152005344,29.5583220924777,1.6747602694117152,3.964539268313532,3.3523765602608937,0.004246174832009262,d,sucess
3959,player_l7_,player_r5_,0.285351258930751,28.344814264235143,1.4937198298208407,3.211225941910659,2.9070179523521618,0.003682073610383925,d,sucess
3964,player_l7_,player_r5_,0.31097729576170846,26.784873417891507,2.0930486138644757,3.4262982240312927,2.8038726891925405,0.003551427675673458,d,sucess
3966,player_l7_,player_r5_,0.3247574504676341,26.05438802466978,2.295143193789878,3.819157983116174,2.9683416696761085,0.0037597475353151138,d,sucess
3969,player_l7_,player_r3_,0.35241163193562125,24.665476952385497,1.964767553681606,4.04981530936906,3.9117835825405183,0.004954734274591145,d,sucess
3972,player_l7_,player_r6_,0.38303169254282443,23.322525025076523,1.9206854948168879,2.787892869175572,1.6190285623936076,0.00205068326016208,d,sucess
3974,player_l7_,player_r6_,0.38391665439515676,22.65573404778052,1.8367997495644435,2.3690472874132302,1.6084113800105584,0.0020372353760980343,d,sucess
3977,player_l7_,player_r6_,0.3757646843048298,21.51253245916539,1.863991856205386,1.5572599333444628,0.9392445110991263,0.0011896591235086929,s,fail
4476,player_l9_,player_r5_,0.12271557466446953,56.85445010742553,2.1567144572242283,7.222958358595181,5.278933741474117,0.0066864133120598185,d,sucess
4480,player_l9_,player_r5_,0.11454807673150083,55.163218532338135,4.974151566850371,1.9892718768433835,2.3489661255904664,0.0029752342576623812,p,sucess
4488,player_l11_,player_r3_,0.1505084152879595,45.198091437472954,2.1341198302813273,3.62140666178213,3.543359843093814,0.004488078953626203,d,sucess
4493,player_l11_,player_r3_,0.15282072403765856,44.29177589721461,0.9726407404586767,0.0,0.7247090988654952,0.0009179257359227435,d,fail
4493,player_l11_,player_r3_,0.15258080422314407,44.2445023171712,1.0740812352890263,0.3849116911708469,0.6979488005204888,0.0008840307936459318,d,fail
4493,player_l11_,player_r3_,0.15245173807846563,44.22369417393949,1.1285028356189466,0.3849124835595767,0.7144242808730982,0.0009048988514326168,d,fail
4493,player_l11_,player_r3_,0.15237878643244773,44.21415964225172,1.155135927066595,0.7529329385808544,0.976258309632726,0.0012365412980846258,d,fail
4493,player_l11_,player_r3_,0.15234022644090553,44.20949930012224,1.1680165067326773,0.9639600458525233,1.0920773594350084,0.001383239280851188,d,fail
4493,player_l11_,player_r3_,0.1523189636061736,44.20764014735198,1.1746325936223667,1.5018858878090566,1.6136993874337457,0.0020439332463710186,d,fail
4493,player_l11_,player_r3_,0.15230660833043957,44.20700841819973,1.1780349909913561,2.241195475633482,2.3467501251207037,0.0029724274313452643,d,fail
4493,player_l11_,player_r3_,0.1545772609473459,43.66137666638499,0.8867448618402044,3.1356856299699425,0.24164570616663628,0.0003060714779579736,d,fail
4493,player_l11_,player_r3_,0.15791204013786192,42.8811436780845,0.9889403672618491,4.140224076061582,0.5925504642942853,0.0007505318983048161,d,fail
4493,player_l11_,player_r3_,0.1620095061431897,41.97743480277721,1.647122427143775,5.11351469148178,1.0876599659670239,0.0013776441497145994,d,fail
4493,player_l11_,player_r3_,0.16673170765347048,40.97780525298993,2.56281607806725,6.086360322064411,1.4716222150508622,0.00186397617939879,d,fail
4493,player_l11_,player_r3_,0.17117022180739455,40.0570749006618,3.453710312113624,7.046712765538269,1.7808117183162016,0.002255600303889282,d,fail
4493,player_l11_,player_r3_,0.1762560062103611,39.101009331504656,4.388535615669536,7.963339421373423,2.0899249054097964,0.0026471281109647364,d,fail
4493,player_l11_,player_r3_,0.17839938380300216,38.68430602167593,4.800953693798763,8.989640562336183,2.2719729655133696,0.0028777133406841008,d,fail
4493,player_l11_,player_r3_,0.18264345767171164,38.0316575785476,5.445041270734317,9.990663175685587,2.6824999985602194,0.0033976945798410273,d,fail
4493,player_l11_,player_r5_,0.18884221749157673,37.17934261580908,6.303272789591134,10.740503882500116,9.3974260872962,0.011903178478730339,d,fail
4493,player_l11_,player_r5_,0.19551220868941493,36.29733585954172,7.206785333975195,11.271674908814573,9.752145071714468,0.012352503027827488,d,fail
4493,player_l11_,player_r5_,0.2028596557024263,35.41207355909064,8.13190211512657,11.942145241538473,10.24007259458067,0.012970567681291827,d,fail
4493,player_l7_,player_r5_,0.14971206600828654,49.74893546127448,7.398606034247262,12.173724545101226,0.7968344634104289,0.0010092806670184925,d,fail
4493,player_l7_,player_r11_,0.15081548001444464,49.009590383186826,6.532432889819842,12.094136240757335,9.266279998733241,0.01173705559799261,d,fail
4493,player_l7_,player_r11_,0.15176397800459723,48.41052604087936,5.839831518117626,11.938666233713043,9.310048516592515,0.011792497186829853,d,fail
4493,player_l7_,player_r11_,0.1523417149411315,47.98083258175057,5.3244169605694855,11.899536293486397,9.699151356200069,0.012285375431612556,d,fail
4493,player_l7_,player_r11_,0.152928733751486,47.593508601535426,4.87154685905822,12.052287258441858,10.278723459155023,0.013019527483584308,d,fail
4493,player_l7_,player_r11_,0.15335357929528665,47.26258242631955,4.471394780155294,12.250538107364916,10.92768211919143,0.013841580800461379,d,fail
4493,player_l7_,player_r5_,0.1534463482399992,47.16897785166486,4.353627795298998,12.302763062824544,0.3952935994450053,0.0005006838370716797,d,fail
4493,player_l7_,player_r5_,0.154158390316887,46.68569165129959,3.7852396119664604,12.303005746564537,0.8438656245074447,0.001068850955949171,d,fail
4493,player_l7_,player_r5_,0.15488447626916946,46.28000805118777,3.329303218392701,12.303098826312013,1.4391739495049225,0.0018228767306615286,d,fail
4493,player_l7_,player_r5_,0.15529152716585118,45.96052730526229,2.942998105673872,12.303098826312013,1.906081767395635,0.0024142693472309342,d,fail
4493,player_l7_,player_r5_,0.15563302609170135,45.645617056851805,2.5530621653222623,12.303098826312013,2.456927588060421,0.0031119802295533436,d,fail
4493,player_l7_,player_r5_,0.15614909972310442,45.30118854684172,2.1496921291198894,12.303098826312013,3.3903570461603687,0.004294281829006546,d,fail
4493,player_l7_,player_r5_,0.15662855508242607,44.944320080295256,1.723287834344571,12.303098826312013,3.781563932689507,0.004789794479777151,d,fail
4567,player_l7_,player_r8_,0.15819064174505693,43.818333872479634,3.223984424590168,10.287893110350632,9.752237526761977,0.012352620141481627,p,sucess
4574,player_l6_,player_r11_,0.16887017436877122,46.115727620637465,6.464527473837513,10.386869101418386,3.532199861337735,0.004473943439263176,p,sucess
4576,player_l7_,player_r11_,0.15677935279525615,44.712847693688836,2.5529746982686676,10.810784498823384,1.8255254940708419,0.0023122354791201317,p,sucess
4586,player_l9_,player_r5_,0.16383273194424425,44.458082137064295,2.194700282498727,4.505255200318843,4.1818813318715975,0.0052968479573921486,d,sucess
4590,player_l9_,player_r5_,0.1762221621729364,42.274137844098554,2.598623137355626,3.1669370454746963,2.0975772406716793,0.00265682068858272,d,sucess
4593,player_l9_,player_r5_,0.18942615302782778,40.12751583796868,5.638754296828333,7.279091336835936,2.259127059148034,0.0028614424880542394,p,sucess
4597,player_l11_,player_r8_,0.24453149678419772,32.6094253712358,1.2928735746390685,3.7201521917792544,2.347063265483334,0.0029728240605967583,d,sucess
4601,player_l11_,player_r8_,0.26019386444710624,31.217651689797172,5.794234763107204,7.217104314751173,1.2401158517671445,0.0015707468912407947,p,sucess
4608,player_l8_,player_r7_,0.3368581668478707,26.907852520791714,1.7083325788616222,2.406272688204727,0.10989616338375688,0.00013919585522877706,d,fail
4616,player_l11_,player_r11_,0.3154683349540451,27.126895396888074,5.155526760671503,14.712697907929734,2.43589291278287,0.0030853373189017644,p,sucess
4625,player_l10_,player_r7_,0.2009994590712513,29.45734118908168,1.4222433265795278,5.055833629580784,4.534925335370924,0.005744024724607426,d,sucess
4632,player_l10_,player_r7_,0.1907986989070944,31.87795879341029,0.9478827037139133,3.107020798128009,0.6864590730446333,0.0008694777555538723,d,sucess
4638,player_l10_,player_r4_,0.19845144170214243,31.85522465500224,1.548335428775044,2.3909936219070116,1.1515355959131286,0.0014585499027336404,d,sucess
4645,player_l10_,player_r4_,0.17436164179801997,32.33218448522605,2.3802929588603186,2.7744632201562935,1.5194273552599815,0.001924526876427686,d,sucess
4650,player_l10_,player_r4_,0.22184469047444502,29.75259080494293,1.64892447977462,2.916879236444319,2.4091762052558394,0.003051497443753194,d,sucess
4658,player_l10_,player_r4_,0.20347707382367694,26.977024344946003,3.3357547047107654,5.8058487820472875,1.081121910171402,0.0013693629586750107,d,sucess
4666,player_l10_,player_r2_,0.10382235096348068,24.37639182215393,1.873736673068016,4.205663853662105,3.960538332841636,0.005016488418493052,d,sucess
4672,player_l10_,player_r2_,0.0858130212628126,17.39681883179076,1.4606804441766186,2.9131023960719276,1.0735474308030526,0.001359769019456981,d,fail
4742,player_l8_,player_r4_,0.03148552957043419,33.0734418268783,3.456899087332457,8.785641058568238,6.906487981491623,0.008747955617078381,p,sucess
4747,player_l10_,player_r4_,0.05941825819057881,32.042988738922006,2.0930643874472636,4.921532257336122,0.37687324031818586,0.0004773523770671677,d,fail
4783,player_l10_,player_r7_,0.0647666112663573,21.716390133993375,3.1669104818418847,7.608121581573208,4.024647992651995,0.005097691553662964,p,sucess
4789,player_l8_,player_r7_,0.2206879132244264,24.624709779592674,5.061739488555292,2.5853969463121085,2.3420843119119357,0.002966517627934019,p,fail
4871,player_l11_,player_r2_,0.20098572750593915,51.47999784518438,1.8809620145021537,6.745650341516376,6.896760736450985,0.008735634496091124,d,sucess
4878,player_l11_,player_r7_,0.19519951868822755,51.86142005290519,2.9578633724362593,5.289062882968967,1.379142731719622,0.0017468403183983538,p,sucess
4911,player_l11_,player_r6_,0.19464914501676212,49.858304620049736,6.2998036604326,7.210942978556965,1.553442283789223,0.001967610691841606,p,sucess
4919,player_l9_,player_r8_,0.1759126378890699,47.26289377956081,2.1669258801352655,11.127278651134787,10.813526345171478,0.013696975961640444,p,sucess
4924,player_l9_,player_r5_,0.1711587839541537,44.65816441851917,2.9241714040049027,7.366358292942316,6.41924513077283,0.008130785741446428,d,sucess
4928,player_l9_,player_r5_,0.176307158452555,41.25418781499358,3.1826751797819393,5.611559452594261,5.21275901095848,0.006602593720571007,p,sucess
4934,player_l11_,player_r6_,0.19645125599324462,36.35386374367778,2.211681091387276,6.378754023318348,6.2582638779388065,0.007926878301083663,d,sucess
4939,player_l11_,player_r6_,0.21394952756043298,33.53051086538097,2.036721257315298,6.773792256188552,3.1071283847051903,0.0039355378255366,d,sucess
4946,player_l11_,player_r3_,0.19768267346112053,32.46308539525876,2.043300724318374,4.0892454866393155,4.064636585074272,0.00514834226955287,d,sucess
4950,player_l11_,player_r3_,0.19264481380804857,34.44908137436073,3.5931376400021215,4.262966302939775,1.740875512234375,0.0022050164800546325,p,sucess
4956,player_l9_,player_r5_,0.1648027198522336,36.87345811685665,1.58773364264917,6.097463365203602,4.2663219755855435,0.005403803063534496,d,sucess
4960,player_l9_,player_r5_,0.19084378947349467,37.142490490397456,1.8903393610672115,5.534805322682994,4.653224524315276,0.005893866493604269,d,sucess
4967,player_l9_,player_r5_,0.1671946409150037,38.88782980205276,1.565216294957345,4.2250367690707735,3.8394334758447117,0.0048630936205391875,d,sucess
4972,player_l9_,player_r5_,0.1525488507189873,40.46891273376876,1.771177715532801,3.0669814802179696,2.947566292900726,0.0037334329986096837,d,sucess
4976,player_l9_,player_r5_,0.14303130957182128,40.03513649201595,1.5638249422489707,2.7917995092771255,2.182485771970726,0.002764367291237602,d,sucess
4980,player_l9_,player_r5_,0.1395444992960068,40.565593102144355,1.5362871248565466,2.9254761065508617,1.625344269261001,0.0020586828303434217,d,sucess
4986,player_l9_,player_r5_,0.19481388833255828,39.1916338871991,2.051294657039791,2.713125231167925,2.27787985861922,0.0028851951164166707,d,sucess
4988,player_l9_,player_r5_,0.19111596658963245,39.27022615637901,2.0246000395139783,2.450942781869867,2.395811497402909,0.0030345694592855623,d,sucess
4992,player_l9_,player_r5_,0.1805564978859346,39.03341894306886,2.377855885035928,2.5451804199309693,2.5340989740994626,0.003209726960460745,d,fail
5049,player_l7_,player_r5_,0.1509358458836407,40.320342305265804,4.312111339007839,8.097845308475582,0.06560437098903577,8.3095316764575e-05,p,sucess
5054,player_l9_,player_r5_,0.1360405942687736,33.952590369214015,1.5309238322006717,4.414949459506869,2.7282572558379963,0.003455651634373899,d,sucess
5056,player_l9_,player_r5_,0.1412587009350987,34.1360113874696,3.2540290502698315,5.877502905146023,2.8553307442387834,0.003616605510292833,p,sucess
5063,player_l7_,player_r8_,0.19936088572969046,36.798553061217,3.5851231178301273,4.523100905352431,4.4172562000004305,0.005594981130804445,p,sucess
5066,player_l9_,player_r5_,0.1864671314446269,34.0103571118853,3.351984947758565,4.81873893565526,1.4287615356874463,0.0018096882153606478,p,sucess
5070,player_l7_,player_r8_,0.20953292213910638,36.85040771895575,1.9880485934704912,3.1811326111936897,3.5225836619988646,0.004461763319363318,p,sucess
5072,player_l9_,player_r8_,0.19825465999087982,35.15439586030831,1.788433518473638,2.966136156686004,2.844452338736965,0.0036028266960818327,d,sucess
5074,player_l9_,player_r8_,0.20459372152880523,35.135690100098216,1.501219237819715,2.5325576498867717,2.192972985348037,0.0027776505778404218,p,sucess
5078,player_l9_,player_r8_,0.21584706991795752,34.95301194692685,1.2201181623105204,3.307899945584811,1.7643811003223397,0.002234789025221357,d,sucess
5087,player_l7_,player_r8_,0.22070901563057238,37.245422933876455,1.9029916368707471,3.505002350926459,3.4181374241753475,0.004329469130297593,d,sucess
5093,player_l7_,player_r8_,0.22404950018132738,36.10328273214002,3.8364614073387964,6.163096656714055,2.9494226119673232,0.003735784251949268,p,sucess
5104,player_l6_,player_r11_,0.250628334251898,38.353482610371906,5.57275747274184,11.623485660076328,1.3297670159323602,0.001684300327301779,p,sucess
5109,player_l7_,player_r5_,0.19290961737764747,37.123400139173725,1.3850431942722952,3.3160733481031444,3.170427316508141,0.004015713677737601,d,sucess
5116,player_l7_,player_r5_,0.1760971972408341,38.67980794667823,3.5755808619020204,2.8183895436933444,1.4247618204112467,0.0018046221177034285,p,sucess
5121,player_l9_,player_r5_,0.1549224580314139,36.24025227497704,2.127314374980813,4.52168649952648,2.9167022087808756,0.0036943398941052252,d,sucess
5126,player_l9_,player_r5_,0.21008582550386581,32.700270010561425,2.535604403293227,4.0605255879011555,2.281763028749625,0.002890113608768918,d,sucess
5134,player_l9_,player_r5_,0.18743284288453627,28.683441050870293,3.2260392201583676,5.980461491390107,3.504564175765713,0.004438939386747775,d,sucess
5142,player_l9_,player_r3_,0.10158158414623984,26.07360317123957,2.6583309688599717,4.052251809796624,2.479344216528515,0.003140373550232638,d,sucess
5146,player_l9_,player_r3_,0.06988002830910205,19.903169040380355,2.2871660827320777,3.3019988264685973,2.318328738340087,0.0029364283903299017,d,sucess
5152,player_l9_,player_r3_,0.08673443048475829,18.15204819529464,0.6734241531159989,2.0053063057797393,0.662966279378185,0.000839721478454376,d,fail
5340,player_l9_,player_r8_,0.1251536600468933,58.96442776755892,2.391105185892081,6.176277794918232,6.242215979458793,0.007906551195200645,d,sucess
5347,player_l9_,player_r8_,0.119964141502042,57.18634867637392,2.4332483186062213,5.7385927029194175,5.24094580578228,0.006638296249792258,d,sucess
5353,player_l9_,player_r8_,0.12161195798108357,54.27685811273822,1.7550304983105014,3.7025845635177617,1.8800142480770115,0.0023812518063763854,d,sucess
5358,player_l9_,player_r8_,0.11229378936757493,55.9413381944978,1.6053315701125423,2.5315640560728463,2.3377611765018194,0.0029610418665138053,d,sucess
5360,player_l9_,player_r8_,0.11180979571920055,55.56417164600709,4.667941650235143,3.4351779720998463,0.3452087995469675,0.000437245796230295,p,sucess
5369,player_l11_,player_r3_,0.1759236748044221,43.819088885122056,1.3442743655965472,4.279959052374216,4.579482727256999,0.005800462614580971,d,sucess
5375,player_l11_,player_r8_,0.17104248267570826,42.76826570925199,2.1275644338068815,0.7905094623089626,0.6389637786751056,0.0008093196005803791,p,fail
5425,player_l7_,player_r10_,0.1602277214305488,43.60212225629922,3.602432412967661,9.044929119125257,8.918494929484439,0.011296517461345145,p,sucess
5435,player_l4_,player_r10_,0.1373442195538024,54.02813497522572,6.101375263004236,9.379571327624731,6.242794188775421,0.007907283585245672,p,sucess
5442,player_l9_,player_r8_,0.13084954237518304,47.28576513647818,2.648484581793898,4.76587602125779,4.402022306855486,0.005575685390275207,d,sucess
5449,player_l9_,player_r8_,0.12792906828227338,46.638729969455284,0.7165158058270583,5.172751292107521,4.648513700143014,0.005887899601266671,d,sucess
5455,player_l9_,player_r8_,0.17336380425338266,45.41090550120723,4.529594035893285,3.489412388927399,0.7092667186389952,0.0008983662159569127,p,sucess
5463,player_l7_,player_r8_,0.22928434234257414,40.913549774428034,3.7841876829776804,9.772090673443426,8.7805886414681,0.011121832658147104,p,sucess
5469,player_l11_,player_r3_,0.2708762267945584,32.913319658431526,1.517578073774131,3.712903502651262,3.118041019318875,0.003949360012417817,d,sucess
5473,player_l11_,player_r3_,0.28524585607197905,32.929210222221506,4.142813513785046,7.48241590196642,1.75624223846116,0.002224480215388588,p,sucess
5480,player_l7_,player_r8_,0.2169415915008912,41.94254821308729,6.140679418435717,3.4275280903298233,3.6544346836244466,0.004628769197449893,p,sucess
5488,player_l9_,player_r5_,0.16681163517897094,38.392041827658424,1.4304594227030687,4.448460080747044,3.4003489758821885,0.004306937849178002,d,sucess
5493,player_l9_,player_r5_,0.18637459438123177,35.49281408993046,0.9322471614330596,1.827196609563399,1.1804108549223118,0.001495123706762701,d,sucess
5499,player_l9_,player_r6_,0.20039480191073974,34.99945262272164,1.7169107431663442,2.121856187398192,1.8885188367336607,0.0023920238553967357,d,sucess
5511,player_l9_,player_r3_,0.2523234873325003,31.513417489292767,6.524696468802209,5.86785244872432,1.7594359115121432,0.0022285253716379893,p,sucess
5518,player_l6_,player_r10_,0.25193984482091025,38.263658770329215,1.7174916826581712,3.997160211950478,0.6202039790505595,0.0007855581962314418,d,sucess
5523,player_l6_,player_r10_,0.25722979109359984,35.54296421350875,5.122987975781321,5.434329751680513,0.9712123038794568,0.0012301499592368055,p,sucess
5532,player_l9_,player_r5_,0.187188652558818,34.80449986186992,1.556822112509966,3.784882233306603,3.678036213516981,0.004658663512668437,d,sucess
5536,player_l9_,player_r5_,0.1858898028410414,33.57373912407467,1.9523004609946717,3.6770384183470286,1.1302163062216102,0.0014315465956208945,d,fail
5576,player_l7_,player_r8_,0.16409354883817934,42.047620957946386,3.176850389930253,10.921035694932966,10.989000354957449,0.013919254727120944,p,sucess
5584,player_l4_,player_r10_,0.17592667172271725,45.90264327010239,2.251164076650122,10.033571813168033,8.072420912580315,0.010224807433153751,d,sucess
5587,player_l4_,player_r8_,0.1746948637272133,44.59796616560585,2.5937365324951562,5.223085874270115,4.524347952651167,0.005730627058881405,d,sucess
5591,player_l4_,player_r8_,0.1702521964324636,42.74369051487272,2.815625758157503,3.496276261967868,2.668750665431286,0.0033802794025574673,d,fail
5621,player_l7_,player_r8_,0.2096332975680144,38.29589783190782,2.5166307039373113,8.763234092502605,3.6040059225851233,0.004564894823242259,p,sucess
5621,player_l7_,player_r8_,0.2096332975680144,38.29589783190782,2.5166307039373113,8.763234092502605,5.160196849987653,0.0065360163935972845,p,sucess
5625,player_l9_,player_r8_,0.24475258807652164,33.7659130145137,3.160631780198385,8.698374184869262,3.6951497894454066,0.004680340018262384,p,sucess
5629,player_l7_,player_r8_,0.20726032024349797,38.416188423186576,2.983776335451435,5.212681785798936,1.3215252351432678,0.0016738611699762384,p,sucess
5633,player_l9_,player_r8_,0.23846722509014356,33.78794926847405,0.7942296959948053,2.475620772654812,0.9772096023799385,0.0012377462182961189,d,fail
5686,player_l7_,player_r8_,0.21007398912053193,39.161678731180764,1.5691486513393194,3.3220518599203133,3.4253550540001285,0.004338611156350562,d,sucess
5691,player_l7_,player_r8_,0.22190630798703662,37.865118607201005,1.636686142789755,2.9328299268795,0.657381272268441,0.000832647436136262,d,fail
5712,player_l2_,player_r10_,0.18212084222398336,59.54225504771514,3.4470095010022823,9.387850542057006,9.045964518658167,0.011457982487209261,p,sucess
5717,player_l4_,player_r8_,0.1886236101410707,54.14559165755033,3.167011671907763,5.69424610725599,2.913216389586737,0.003689924681830503,p,sucess
5722,player_l7_,player_r8_,0.2358924854792511,45.637167685284865,0.34052020498055796,2.59371278286552,2.1706718582348046,0.002749403583502895,p,sucess
5732,player_l4_,player_r8_,0.19109924301172931,52.312487675293575,4.118096322331473,4.416018269889741,4.061819896066724,0.0051447745687847185,p,sucess
5743,player_l9_,player_r5_,0.17426406982134476,44.98524700493137,0.6214174764198369,3.159059076687231,3.5295942445948745,0.004470643099508101,d,sucess
5751,player_l9_,player_r5_,0.18659302172725029,44.211344657398364,1.786438896240227,4.050021635744679,0.4963904595826306,0.0006287344048301677,d,sucess
5755,player_l9_,player_r8_,0.1943355711378674,44.75199333469002,1.8199877060024345,2.859296612805327,2.2351710810678793,0.0028310994237419032,d,sucess
5759,player_l9_,player_r8_,0.20783229261564576,44.08826310809371,1.980029383620356,3.343788779214381,2.7592820752994958,0.0034949482959743465,d,sucess
5764,player_l9_,player_r8_,0.22645304683395379,42.87512394739914,3.6252736517399646,5.215295248593318,2.5845734641890123,0.0032736589167125982,p,sucess
5774,player_l6_,player_r8_,0.23200984631988075,43.34460016914515,2.884147558638426,6.477887972171178,5.393487834997881,0.006831512273835787,p,sucess
5781,player_l9_,player_r8_,0.17210400136205936,44.650330293147704,2.0889957874538667,8.415173610805661,6.544640321140401,0.008289618210996844,d,sucess
5789,player_l9_,player_r8_,0.14330666751885393,45.46528680347543,2.137236030484233,7.105042424926119,5.445212112047647,0.0068970284334601215,d,sucess
5793,player_l9_,player_r8_,0.17310692366427285,44.27319188105785,2.2462723343352677,6.0301557036282265,5.2156184528428104,0.006606215604408326,d,sucess
5798,player_l9_,player_r8_,0.18381643156554617,42.579925517895546,1.4843203731000945,4.457324059343229,4.129835632090727,0.005230925309906156,d,sucess
5803,player_l9_,player_r8_,0.18793968825691057,40.79200225661174,2.138135636483333,2.6276853883218214,2.5721314897708374,0.003257899672290509,d,sucess
5806,player_l9_,player_r8_,0.19232617449888695,39.02052042422816,1.232796434939685,3.6714680728558715,1.191476814256773,0.0015091400050474307,d,sucess
5812,player_l9_,player_r8_,0.1781818210938205,39.17210019740948,1.6001871703022743,3.8030326911558356,3.684833302460026,0.004667272884118234,d,sucess
5816,player_l9_,player_r8_,0.18243464127486977,37.496402070173374,3.3339543038260113,2.3809712304015753,1.829557851659893,0.0023173429273500266,p,sucess
5827,player_l7_,player_r8_,0.20328273061674845,41.88639495166417,4.47441596747553,8.916736422032445,0.6318706146304847,0.0008003353073925511,p,sucess
5837,player_l4_,player_r10_,0.17001247983757103,58.61355824953879,2.005834950837182,11.049554608218376,9.351261674472637,0.0118447019338907,d,sucess
5848,player_l4_,player_r10_,0.16608537986622496,54.33076933158752,2.383393347729241,5.363712747714963,4.930075092806234,0.00624453534589121,d,sucess
5851,player_l4_,player_r10_,0.1637734966414453,53.43044832629825,2.3374943336829723,4.337375215496117,3.6130645043744285,0.0045763686560609034,d,sucess
5855,player_l4_,player_r10_,0.16429652686036653,51.57209809166813,5.500313922859314,9.084939309098328,4.081783721634629,0.005170061336194887,p,sucess
5860,player_l9_,player_r5_,0.16939650136069684,43.55691858656731,1.2936132111261098,2.965588943194926,2.090288199856038,0.0026475882658657944,d,sucess
5865,player_l9_,player_r5_,0.15769207466624932,44.8093720002882,1.71558689666248,2.87687845589625,2.446622507504699,0.0030989276227190617,d,sucess
5870,player_l9_,player_r5_,0.1583447526155598,44.06612086212125,1.202298469598958,2.570750304872099,0.20820671146869085,0.000263717227401218,d,fail
5916,player_l4_,player_r8_,0.1540500151663456,49.621130560492205,4.538626374796673,8.164670336272005,1.268724348401105,0.0016069828165635623,p,sucess
5919,player_l7_,player_r8_,0.19594793903542326,43.17838887055565,5.271647169528704,2.356488832988606,2.233163470963684,0.0028285565494974535,p,sucess
5927,player_l8_,player_r9_,0.31851091806485093,31.00081160826639,4.5864360063125265,5.758702917324351,4.506098662738378,0.005707511902050903,p,sucess
5933,player_l10_,player_r2_,0.40773836733040436,23.04834199536119,2.132698068175614,4.780172653785633,0.6093055507888856,0.0007717541065269031,d,sucess
5939,player_l10_,player_r9_,0.30232451053086196,25.670417851001567,1.7865480570082635,3.652141040540467,,,d,fail
